<?xml version="1.0" encoding="UTF-8"?>
<project-private xmlns="http://www.netbeans.org/ns/project-private/1">
    <editor-bookmarks xmlns="http://www.netbeans.org/ns/editor-bookmarks/2" lastBookmarkId="0"/>
    <open-files xmlns="http://www.netbeans.org/ns/projectui-open-files/2">
        <group>
            <file>file:/C:/Users/Omar/Dropbox/Cuarto/Bases2/FormularioDivorcio/src/Clases/Conexion.java</file>
            <file>file:/C:/Users/Omar/Dropbox/Cuarto/Bases2/FormularioDivorcio/src/Ventanas/FormulariosRegistrados.java</file>
            <file>file:/C:/Users/Omar/Dropbox/Cuarto/Bases2/FormularioDivorcio/src/Ventanas/JF_FormularioDivorcio.java</file>
            <file>file:/C:/Users/Omar/Dropbox/Cuarto/Bases2/FormularioDivorcio/src/Ventanas/JFrLogin.java</file>
        </group>
    </open-files>
</project-private>
